Name,Brand,Description,Notes,Image URL,Wood,Fire,Earth,Metal,Water,Gender,Top,Middle,Base,Female_Score,Male_Score,key,matched_keywords,all_text,Review_Reason
Vanille d'Amine Eau de Parfum,Anthologie de Grands Crus," This is not your teenager's vanilla. Rich, smoky, and smooth뵒like a fine cognac뵒Vanille d'Amine hints at intrigues on dark nights, with vanilla from Madagascar undergirded by velvety smooth clove, with incense adding another layer of mystery. Smelling Vanille d'Amine for the first time is like opening a leather-bound vintage book in a library impregnated with the scent of pipe smoke from day's long gone by. Named in homage to Amine Kalfane, L'Atelier Fran챌ais des Mati챔res' partner in Comoros/Madagascar who provides both the vanilla and clove for the fragrance, Vanille d'Amine uses an oleoresin extraction whose olfactive profile of vanilla planifolia is quite different from the standard, with dark chocolate and plum facets. If you are only familiar with conventionally confectionary vanilla, take a walk on the dark side. It smells pretty sexy over here.","Madagascan vanilla olorsin, Somalian Olibanum, Madagascan Clove bud oil",https://static.luckyscent.com/images/products/836001.jpg?width=400&404=product.png,0.0,0.2727,0.7273,0.0,0.0,unknown,,,,0.5,0.5,anthologie de grands crus|vanille d amine eau de parfum|unknown,,"vanille d'amine eau de parfum anthologie de grands crus  madagascan vanilla ol챕or챕sin, somalian olibanum, madagascan clove bud oil ",Polluted Text/Encoding: Matched pattern: [횞챕챦밎밶뱓뵝챦챵]
Oriental Velours Eau de Parfum,Les Indemodables," Oriental Velours is as plush as its name suggests, plunging you into a hypnotic reverie of warm, spicy resins, creamy vanilla, and aromatic notes recalling bracing woods and pine needles. Its centerpiece is myrrh, with its woody, subtle licorice facet which finds resonance with vanilla and what smells like a hint of cinnamon. Although the church incense quality of myrrh isn't overdone here, there's certainly enough to subliminally suggest rituals and to possibly incite devotion at its perfumed altar.An almost smoky vetiver pulls the warm notes of Oriental Velours together with its brightness and elegance, adding some lightness to the otherwise nocturnal character of this fragrance. Like all of the fragrances in Les Ind챕modables' collection, there's a seamless melding together of notes in Oriental Velours that quietly draws you in with its mysterious beauty.","Indian jasmine alcoolat rand Cru 5%, Madagascan vanilla rand Cru 2.5%, Somalian myrrh 15%, Haitian vetiverrand Cru 10%, Alpine spruce oil",https://static.luckyscent.com/images/products/827006.jpg?width=400&404=product.png,0.2353,0.2773,0.3193,0.084,0.084,unknown,,,,0.4,0.6,les indemodables|oriental velours eau de parfum|unknown,,"oriental velours eau de parfum les indemodables  indian jasmine alcoolat 밎rand cru뵝 5%, madagascan vanilla 밎rand cru뵝 2.5%, somalian myrrh 15%, haitian vetiver밎rand cru뵝 10%, alpine spruce oil ",Polluted Text/Encoding: Matched pattern: [횞챕챦밎밶뱓뵝챦챵]
Cuir de Chine Eau de Parfum,Les Indemodables," In Les Ind챕modables' Cuir de Chine (뵜Chinese Leather뵝), the usually delicate, apricot-faceted osmanthus note is boldly paired with a beautifully fresh and realistic tobacco leaf to create an accord.The result? Delicate yet assertive, classic yet modern, light as spring yet redolent of a tobacconists's leather-and-wood scented atelier, Cuir de Chine is a seamless balancing act of opposites that smoothly draws you into its elegant, romantic world that almost incites visions of sepia-tinted daguerreotype photographed flowers.As Cuir de Chine dries down and continues to bloom on skin, the oscillation between fresh and funky continues apace, as a fatty and indolic jasmine and bright herbal clary sage echo the osmanthus and tobacco leaf pairing to create what almost smells like an aromatic Chinese tea softened with milk, or curiously, even perfume-scented money.There's no doubt everyone's skin will highlight a different aspect of this paradoxical perfume, but one thing is for sure뵒 it will smell amazing.","Chinese osmanthus absolute 1%, Chinese osmanthuslcoolat Grand Cru 10%, Turkishabac blond absolute .2%, Alpine clary sage",https://static.luckyscent.com/images/products/827005.jpg?width=400&404=product.png,0.3333,0.0889,0.2222,0.1778,0.1778,unknown,,,,0.25,0.75,les indemodables|cuir de chine eau de parfum|unknown,,"cuir de chine eau de parfum les indemodables  chinese osmanthus absolute 1%, chinese osmanthus밶lcoolat뵝 grand cru 10%, turkish뱓abac blond뵝 absolute .2%, alpine clary sage ",Polluted Text/Encoding: Matched pattern: [횞챕챦밎밶뱓뵝챦챵]
Ombre Leather Eau de Parfum,TOM FORD Signature," True luxury doesn't shout. If you've been on the hunt for the perfect leather but been either smothered by an avalanche of powdery florals or slapped around the face by a Cossack's oily winter boot, then breathe a sigh of relief because뱘our뵝 leather has finally arrived. Wearing Ombre Leather is like slipping into a pair of the sleekest handmade leather Oxfords in the velvety hush of a store you have to ring a bell to get into.Enigmatically rich but dry, this is a leather that sings a song of pure, smooth luxury leather, with no excess powder, fruitiness, engine oil, or plasticky saffron to ruin your enjoyment. A touch of violet leaf adds a cool, watery greenness, but overall, this is not a translucent or vegetal leather. Like the ombre effect on a luxury leather jacket, this is a scent that bleeds one note into the next, building to a successively impressive effect ?black leather over purple jasmine over earth-brown patchouli over green violets over white moss. As with all truly luxurious accessories, its most impressive feat is its balance ?Ombre Leather may be objectively opulent, but even more so, it's undeniably among the most fabulously comfortable leather scents we've ever encountered.","Violet leaf, cardamom, jasmine sambac, black leather, white moss, patchouli   TOM FORD Signature Ingredients  may change or vary from time to time.  Please  you receive for the most up to date list of ingredients.",https://static.luckyscent.com/images/products/807000.jpg?width=400&404=product.png,0.202,0.2929,0.303,0.101,0.101,unknown,,,,0.67,0.33,tom ford signature|ombre leather eau de parfum|unknown,,"ombre leather eau de parfum tom ford signature  violet leaf, cardamom, jasmine sambac, black leather, white moss, patchouli click here for ingredients 횞close ombre leather by tom ford signature ingredients please be aware that ingredient lists may change or vary from time to time.  please refer to the ingredient list on the product package you receive for the most up to date list of ingredients. ",Polluted Text/Encoding: Matched pattern: [횞챕챦밎밶뱓뵝챦챵]; Matched pattern: Click Here For Ingredients; Matched pattern: Please be aware that ingredient lists; Matched pattern: refer to the ingredient list on the product package; Matched pattern: Ingredients Please; Matched pattern: Close Ombre Leather by
Oud Alif Fragrance Concentr챕e,Shay and Blue," What does it take in this era of all-oud-everything to make a distinctive, modern, head-turning oud? In the case of Oud Alif, the answer is dark chocolate- a jet-black, sumptuously rich note that blends into the extraordinary real oud extract- smoky, creamy and nuanced.  An elegant leather binds everything together, while savory saffron and an almost gourmand patchouli keep the mouthwatering deliciousness that many Shay & Blue fragrances are known for. Creamy and soft, smoky and rich, mysterious and sophisticated- Oud Alif is not just another oud fragrance. This one is a must-try.","Oud, chocolat noir, saffron, leather, patchouli",https://static.luckyscent.com/images/products/70407.jpg?width=400&404=product.png,0.0,0.0667,0.8,0.0,0.1333,unknown,,,,0.0,1.0,shay and blue|oud alif fragrance concentr e|unknown,,"oud alif fragrance concentr챕e shay & blue  oud, chocolat noir, saffron, leather, patchouli ",Polluted Text/Encoding: Matched pattern: [횞챕챦밎밶뱓뵝챦챵]
Blacks Club Leather Fragrance Concentr챕e,Shay and Blue," Sophisticated, tasteful, avant-garde, traditional, egalitarian. These are all words that apply equally to Black's Club, the renowned members-only club in London's Soho district, and also to Black's Club Leather, an exquisite new creation from Shay & Blue inspired by the organization. Black's Club Leather is both the smell of the club itself and a smell to adorn it, an intensely smoky firewood mingled with the the well-worn English leather and rich mahogany of handcrafted furniture, the smooth warmth of a fine cognac, and the lightly creamy sweetness of antique furniture wax. Black's Club Leather is as rounded as it is rich, the kind of distinguished leather that lends fortitude and refinement to women and men with equal measure. Some of us don't make it London with enough regularity to join Black's Club. But anyone can smell like they belong, wherever they may be.","English leather, cognac, mahogany, firewood, beeswax",https://static.luckyscent.com/images/products/70403.jpg?width=400&404=product.png,0.0,0.1111,0.6667,0.0,0.2222,unknown,,,,0.4,0.6,shay and blue|blacks club leather fragrance concentr e|unknown,,"blacks club leather fragrance concentr챕e shay & blue  english leather, cognac, mahogany, firewood, beeswax ",Polluted Text/Encoding: Matched pattern: [횞챕챦밎밶뱓뵝챦챵]
Rose de Taif Eau de Parfum,Perris Monte Carlo," The Saudi Arabian city of Ta챦f has a glorious history, rich culture, and a unique geographic position, climate and fertile soil that have transformed it into a beautiful garden paradise. Here, the roses are more powerful, fresh, and possess a very sophisticated fragrance- the Ta챦f Rose oil is considered the best in the Arab world, the only place where it has been available- until today.Perris Monte Carlo has built Rose de Ta챦f with the objective to treat the centrepiece ingredient as a precious diamond. Like a diamond needs a gold ring to be presented, they have given the Rose of Taif a central position in harmony with other raw materials- light citrus, delicate spice, and supporting rose notes- that are able to highlight her beauty without any silhouettes. This is one of a kind, gorgeously lush rose, one that simply must be experienced by fragrance lovers of all persuasions.","Lemon, nutmeg, geranium, Taf rose essential oil, rose Damas absolute, rose musk",https://static.luckyscent.com/images/products/70205.jpg?width=400&404=product.png,0.0,0.551,0.2041,0.1224,0.1224,unknown,,,,1.0,0.0,perris monte carlo|rose de taif eau de parfum|unknown,,"rose de taif eau de parfum perris monte carlo  lemon, nutmeg, geranium, ta챦f rose essential oil, rose damas absolute, rose musk ",Polluted Text/Encoding: Matched pattern: [횞챕챦밎밶뱓뵝챦챵]
Kedu Eau de Parfum,MEMO," Kedu, nicknamed뱓he garden of Java뵝 in Indonesia, is a plain bordered by a volcano. Its soil, which has been made fertile by the ash, is sacred. Glossy green palm trees nonchalantly rub shoulders with one-horned rhinoceros, giant flowers in changing colours, prehistoric buffalo and bent-backed pilgrims.Tradition has it that you can purify your soul by throwing sesame seeds ?one seed for each passion ?into one of the flaming domes. By capturing this unique ingredient alongside a beautifully vibrant grapefruit note, Kedu whisks us away to one of the world's most unique locations.Kedu opens with that grapefruit essence, tart, juicy and bright, fleshed out further with supporting notes of citrus and mat챕. Peppery green freesia explodes like the heat of the volcano, warming the sesame for a composition both floral and fresh but with a toasted complexity. If the holy site of Kedu represents purification, then the fragrance is the moments thereafter: light, bright, vibrant and free.","Grapefruit, neroli, mandarin, mat absolute, freesia, rose, peony, sesame absolute, white musk, moss.",https://static.luckyscent.com/images/products/69111.jpg?width=400&404=product.png,0.1923,0.5962,0.0962,0.0577,0.0577,unknown,,,,0.6,0.4,memo|kedu eau de parfum|unknown,,"kedu eau de parfum memo  grapefruit, neroli, mandarin, mat챕 absolute, freesia, rose, peony, sesame absolute, white musk, moss. ",Polluted Text/Encoding: Matched pattern: [횞챕챦밎밶뱓뵝챦챵]
Irish Leather Eau de Parfum,MEMO,"밒t's one of those icy, biting mornings. The sun scarcely manages to break through the heavy grey clouds. The air is crisp and dry, and the wind slips beneath my clothes. The North wind whips the grass that sticks to my boots. I walk into the stable and swing open the wooden tack room doors, freeing the burning scent of leather, wood, amber and honey. Its age-old odor stands out sharply in the frozen morning air. My horse whinnies softly. It's the smell of her freedom. The leather gathers in the wind, the grass warms with the wood. Irish Leather gallops off into the horizon.뵝MEMO co-founder John Molloy is understandably proud of his rural Irish upbringing, and Irish Leather, the first of MEMO's Cuirs Nomades series, positively sings of Ireland's rustic beauty. Opening notes of juniper, pink pepper and clary sage whisk us away to the wild countryside, while the leather- sharp, well-worn and deeply animalic- gives us the barn, the saddle and the horse all at once. Comforting yet forlorn, stark yet vibrantly beautiful, Irish Leather is among the most wonderfully wearable leathers we've ever experienced.","Pink pepper, clary sage, juniper berry, green mat absolute, flouve, iris concrete, tonka bean absolute, leather, birch, amber accord.",https://static.luckyscent.com/images/products/69108.jpg?width=400&404=product.png,0.1802,0.3153,0.4505,0.0541,0.0,unknown,,,,0.0,1.0,memo|irish leather eau de parfum|unknown,,"irish leather eau de parfum memo  pink pepper, clary sage, juniper berry, green mat챕 absolute, flouve, iris concrete, tonka bean absolute, leather, birch, amber accord. ",Polluted Text/Encoding: Matched pattern: [횞챕챦밎밶뱓뵝챦챵]
Granada Eau de Parfum,MEMO," A feminine white floral with hidden complexities, Granada is an ultra romantic, surprisingly sensual late night dance through the gardens of the Alhambra. Inspired by late evenings beneath the walls of the famed red castle, the nighttime air redolent with Andalusian jasmine, Granada seduces us with a lightly resinous mix of clean and dirty florals that balance purity and carnality with expert precision. Granada opens sweet and bright, with bergamot and African orange flower balancing atop a delightfully dry grenadine note. The jasmine emerges, first virginally clean, then lightly indolic, its transition smoothed with a hazy heliotrope. A delicately woodsy base of tonka, vanilla and musks gives longevity and swings the balance back towards sexiness. Like Spain itself, Granada proves itself complex enough to represent many different facets of beauty.","Oil of bergamot, pomegranate, orange blossom, jasmine sambac, hliotrope, musk, amber wood accord.",https://static.luckyscent.com/images/products/69104.jpg?width=400&404=product.png,0.0,0.3228,0.5197,0.1575,0.0,unknown,,,,0.8,0.2,memo|granada eau de parfum|unknown,,"granada eau de parfum memo  oil of bergamot, pomegranate, orange blossom, jasmine sambac, h챕liotrope, musk, amber wood accord. ",Polluted Text/Encoding: Matched pattern: [횞챕챦밎밶뱓뵝챦챵]
Une Nuit a Doha Eau de Parfum,Stephane Humbert Lucas 777," While the 777 line is dedicated to paying tribute to the great cultures and natural ingredients of the Middle East, St챕phane Humbert Lucas is in no way fenced in by the conventions or styles of traditional middle eastern perfumery. And we're thankful for that, because Une Nuit ? Doha, a soft, deliciously sweet immortelle and vanilla scent inspired by summer nights in the capital of Qatar, is nobody's idea of an indulgently rich Middle Eastern gourmand.Instead, it glows like a hazy, dreamlike moon, calm but deep, on a city night where the intensity of the day's heat has faded but not vanished. Warm winds carry the exotic scents of night markets: fennel, ginger, crystallized mandarin, while the sweetness of the immortelle blends into a comfortable brown tobacco from the neighborhood cafes, where games and conversations amongst old men run late into the night. As the base of creamy, beautiful vanilla absolute begins to warm, the fragrance hugs closer to the skin, drawing people together as the desert night seems to stretch on into eternity. This is seduction for adults- calm, assured, and utterly lovely.Presented in a genuine gold-lettered transparent bottle, adorned with a unique hand-milled gold honeycomb top and a small faceted peach-colored Swarovski crystal.","Fennel, crystallized mandarin, ginger, immortelle flower from Corsica, vetiver from Hati, brown tobacco, absolute of vanilla.",https://static.luckyscent.com/images/products/65508.jpg?width=400&404=product.png,0.2,0.2,0.6,0.0,0.0,unknown,,,,0.4,0.6,stephane humbert lucas 777|une nuit a doha eau de parfum|unknown,,"une nuit a doha eau de parfum stephane humbert lucas 777  fennel, crystallized mandarin, ginger, immortelle flower from corsica, vetiver from ha챦ti, brown tobacco, absolute of vanilla. ",Polluted Text/Encoding: Matched pattern: [횞챕챦밎밶뱓뵝챦챵]
Cacti Eau de Parfum,Regime des Fleurs," Many of the Huichols and North American peyotists claim that when one eats peyote, one is tasting oneself: ""If the user is pure, this cactus is sweet.""  ?Peter Stafford, author of Psychedelics EncyclopediaCacti is a vivid, crisp and quenching scent, loaded with mouthwatering notes of cucumber, mat챕, aloe vera, and an exquisitely juicy essential oil of pure Italian bergamot. Delicately sweet and light florals float almost weightlessly, while a surprisingly cool-inflected Baltic amber provides depth and backbone without adding a hint of heaviness. Like any good peyote experience, this wondrous skin scent doesn't so much cover you up as much as reveal your best, truest self.","Italian bergamot essential oil, shiso, black tea, jasmine sambac absolute, heliotrope, cucumber water, mat absolute, Baltic amber, aloe vera",https://static.luckyscent.com/images/products/65110.jpg?width=400&404=product.png,0.1299,0.4026,0.3377,0.1299,0.0,unknown,,,,1.0,0.0,regime des fleurs|cacti eau de parfum|unknown,,"cacti eau de parfum regime des fleurs  italian bergamot essential oil, shiso, black tea, jasmine sambac absolute, heliotrope, cucumber water, mat챕 absolute, baltic amber, aloe vera ",Polluted Text/Encoding: Matched pattern: [횞챕챦밎밶뱓뵝챦챵]
Fougere d'Argent Eau de Parfum,TOM FORD Private Blend," Foug챔re d'Argent is a bold reimagining of the classic foug챔re, a structure that traditionally revolves around lavender, oakmoss, and coumarin. With oakmoss no longer available, Tom Ford has re-worked the model in a provocative manner, substituting moss with Akigalawood, a Givaudan captive derived from patchouli that has a wonderfully spicy, woodsy bitterness. What emerges from Ford's confident handling is a scent that smells truly masculine ?earthy, herbaceous, and rich, with a radiantly spiced muskiness that billows around its wearer. If there's a scent that sums up everything that is great about old-school-meets-modern-cool masculine grooming, then it's probably Foug챔re d'Argent. The aromatic topnotes of lavender, ginger, and citrus notes give off a formal Savile Row vibe, with the sort of soapy, minty freshness one expects to emanate from a gentleman wearing an impeccably-tailored suit. Akigalawood stands in most competently for the traditional oakmoss, its spicy, mossy sharpness softened by the buttery labdanum amber tucked away into a corner. What marks out this fougere as a particularly modern twist on an old format is its use of coumarin. Whereas in traditional fougeres, the coumarin adds a dry hay-like grassiness, here the coumarin is taken in a sultrier, more oriental direction, emphasizing the musky sweetness of the tonka bean from whence the coumarin was extracted. Fans of aromatic lavender-tonka fragrances ranging from Gris Clair to Tom Ford's own Fucking Fabulous will likely love Foug챔re d'Argent for its bold updating of the fougere structure, but others appreciate it even more for its total lack of gourmandise. Dry, masculine, and admirably unsweet, Foug챔re d'Argent is for the man who effortlessly exudes confidence, no matter what he's wearing or doing.","mandarin, ginger, lavender, cistus, Akigalawood, coumarin  Close Fougere d'Argent by TOM FORD Private Blend Ingredients  may change or vary from time to time.  Please  you receive for the most up to date list of ingredients.",https://static.luckyscent.com/images/products/63568.jpg?width=400&404=product.png,0.1562,0.2083,0.4167,0.1875,0.0312,unknown,,,,0.33,0.67,tom ford private blend|fougere d argent eau de parfum|unknown,,"fougere d'argent eau de parfum tom ford private blend  mandarin, ginger, lavender, cistus, akigalawood, coumarin click here for ingredients 횞close fougere d'argent by tom ford private blend ingredients please be aware that ingredient lists may change or vary from time to time.  please refer to the ingredient list on the product package you receive for the most up to date list of ingredients. ",Polluted Text/Encoding: Matched pattern: [횞챕챦밎밶뱓뵝챦챵]; Matched pattern: Click Here For Ingredients; Matched pattern: Please be aware that ingredient lists; Matched pattern: refer to the ingredient list on the product package; Matched pattern: Ingredients Please
Tobacco Oud Intense Eau de Parfum,TOM FORD Private Blend," Wonderfully soft, intriguingly smooth, the original Tobacco Oud was a soothing, yet thoroughly masculine scent that flirted with darkness, but never truly approached the edge. But sometimes, you don't want to play it safe, and Tobacco Oud Intense is more than happy to oblige, removing the training wheels from the original and amping up the spices, resins, and animalics to deliver a bolder, more daring Tobacco Oud guaranteed to turn heads and raise pulses. A sweeter, spicier vein of coriander pairs with a doubled-dose of castoreum, infusing every moment with raw, animalic magnetism that commands attention without ever turning sour, and the signature tobacco and oud combination is robustly masculine, smokier and unapologetically fiercer, while still displaying a sophisticated woodsiness. Rich and powerful, yet still tuxedo-appropriate, it's another knockout tobacco offering from Tom Ford you won't want to miss.","Coriander, tobacco, oud, labdanum, amber, sandalwood, cedar, tonka, castoreum, patchouli  Close Tobacco Oud Intense by TOM FORD Private Blend Ingredients  may change or vary from time to time.  Please  you receive for the most up to date list of ingredients.",https://static.luckyscent.com/images/products/63567.jpg?width=400&404=product.png,0.1622,0.045,0.7027,0.0,0.0901,unknown,,,,0.25,0.75,tom ford private blend|tobacco oud intense eau de parfum|unknown,,"tobacco oud intense eau de parfum tom ford private blend  coriander, tobacco, oud, labdanum, amber, sandalwood, cedar, tonka, castoreum, patchouli click here for ingredients 횞close tobacco oud intense by tom ford private blend ingredients please be aware that ingredient lists may change or vary from time to time.  please refer to the ingredient list on the product package you receive for the most up to date list of ingredients. ",Polluted Text/Encoding: Matched pattern: [횞챕챦밎밶뱓뵝챦챵]; Matched pattern: Click Here For Ingredients; Matched pattern: Please be aware that ingredient lists; Matched pattern: refer to the ingredient list on the product package; Matched pattern: Ingredients Please
Eau de Soleil Blanc Eau de Toilette,TOM FORD Private Blend," Crisp, radiant, and addictive, Eau de Soleil Blanc is an even fresher, even lighter, even more summery EDT interpretation of Tom Ford's instant beachside classic EDP. With the addition of sparkling citrus to smooth and energize the original's soothingly salty amber tones, Eau de Soleil Blanc takes a scent you'd wear to dream about the beach and transforms it into a scent you ought to wear on the beach itself- a divinely relaxed, fabulously cheerful, sun-kissed coconut floral so evocative we can close our eyes and hear the waves lapping onto the shore. There's no need to wait for the first day of summer- it's already arrived.","Citrus, amber, coconut, beachy floral notes  Close Eau de Soleil Blanc by TOM FORD Private Blend Ingredients  may change or vary from time to time.  Please  you receive for the most up to date list of ingredients.",https://static.luckyscent.com/images/products/63566.jpg?width=400&404=product.png,0.0,0.3469,0.2041,0.1224,0.3265,unknown,,,,1.0,0.0,tom ford private blend|eau de soleil blanc eau de toilette|unknown,,"eau de soleil blanc eau de toilette tom ford private blend  citrus, amber, coconut, beachy floral notes click here for ingredients 횞close eau de soleil blanc by tom ford private blend ingredients please be aware that ingredient lists may change or vary from time to time.  please refer to the ingredient list on the product package you receive for the most up to date list of ingredients. ",Polluted Text/Encoding: Matched pattern: [횞챕챦밎밶뱓뵝챦챵]; Matched pattern: Click Here For Ingredients; Matched pattern: Please be aware that ingredient lists; Matched pattern: refer to the ingredient list on the product package; Matched pattern: Ingredients Please
Fabulous Eau de Parfum,TOM FORD Private Blend," Vulgar, shocking, rude, funny, tongue in cheek....no matter what you think of the name, there's no denying that it's got people talking. But in the kerfuffle over the name, has the fragrance itself been a bit overlooked? We think it might have been. The truth is that Fucking Fabulous is very good. It's an edible but fresh suede scent that borrows a bunch of bitter herbs from old school fougeres, scads of buttery tonka from the gourmand category, and wraps it all up in a musky cashmeran glow. And guess what? Totally works.  Clary sage and lavender top out the scent, their clean, smoky greenness meshing seamlessly with plush orris butter to form a leather note that's both soft and aromatic. Lashings of bittersweet almond and tonka bean beneath give the scent a velvety, almost oily-resinous sweetness, like white chocolate melted down with coffee grounds. The fragrance moves between bitter and sweet, herbal and creamy, powdery and oily over the course of the wear, keeping the journey totally interesting for us. Rumor has it that Tom Ford took one whiff of this creation and exclaimed,밫his is fucking fabulous!뵝 We're inclined to agree. Set your feelings aside for the name, take it out for a ride, and you may agree as well.","Lavender, clary sage, bitter almond, tonka bean, orris root, leather, cashmeran, amber, white woods  Close Fabulous by TOM FORD Private Blend Ingredients  may change or vary from time to time.  Please  you receive for the most up to date list of ingredients.",https://static.luckyscent.com/images/products/63565.jpg?width=400&404=product.png,0.1705,0.0284,0.6193,0.0909,0.0909,unknown,,,,0.5,0.5,tom ford private blend|fabulous eau de parfum|unknown,,"fabulous eau de parfum tom ford private blend  lavender, clary sage, bitter almond, tonka bean, orris root, leather, cashmeran, amber, white woods click here for ingredients 횞close fabulous by tom ford private blend ingredients please be aware that ingredient lists may change or vary from time to time.  please refer to the ingredient list on the product package you receive for the most up to date list of ingredients. ",Polluted Text/Encoding: Matched pattern: [횞챕챦밎밶뱓뵝챦챵]; Matched pattern: Click Here For Ingredients; Matched pattern: Please be aware that ingredient lists; Matched pattern: refer to the ingredient list on the product package; Matched pattern: Ingredients Please
Vanille Fatale Eau de Parfum,TOM FORD Private Blend," Tom Ford doesn't always do vanilla, but when he does, the results are never anything short of spectacular. Enter Vanille Fatale, a purring, prowling, seductively fanged new vanilla scent whose initial subtleties belie the dangerously glamorous depth within. Opening with a quiet but fiery growl of saffron and coriander, Vanille Fatale's mystery soon deepens as a smoky blend of myrrh and olibanum incense begin to cloud the room, draping themselves around a sweet floral bouquet and an increasingly creamy, sensuously full vanilla. As coffee and roasted barley bring a comforting, yet subtly edgy dose of warm and resinous character, a rich mahogany wood keeps everything in balance, providing enough robust unisex woodsiness to make this scent an easy recommendation for men and women alike. And for those of us who prefer a finely-sharpened blade to blunt force, Vanille Fatale is a sotto voce stunner, ideal for drawing the object of your seduction ever closer without shouting over the room. Think of it as the ultimate secret weapon- and deploy it accordingly.","Saffron, coriander, frangipani, narcissus, coffee absolute, mahogany, roasted barley, vanilla, myrhh, olibanum  Close Vanille Fatale by TOM FORD Private Blend Ingredients  may change or vary from time to time.  Please  you receive for the most up to date list of ingredients.",https://static.luckyscent.com/images/products/63563.jpg?width=400&404=product.png,0.0,0.1481,0.8519,0.0,0.0,unknown,,,,0.67,0.33,tom ford private blend|vanille fatale eau de parfum|unknown,,"vanille fatale eau de parfum tom ford private blend  saffron, coriander, frangipani, narcissus, coffee absolute, mahogany, roasted barley, vanilla, myrhh, olibanum click here for ingredients 횞close vanille fatale by tom ford private blend ingredients please be aware that ingredient lists may change or vary from time to time.  please refer to the ingredient list on the product package you receive for the most up to date list of ingredients. ",Polluted Text/Encoding: Matched pattern: [횞챕챦밎밶뱓뵝챦챵]; Matched pattern: Click Here For Ingredients; Matched pattern: Please be aware that ingredient lists; Matched pattern: refer to the ingredient list on the product package; Matched pattern: Ingredients Please
Oud Wood Intense Eau de Parfum,TOM FORD Private Blend," In celebration of the 10th anniversary of Oud Wood, a game-changer in its use of oud for Western perfumery, Tom Ford has come out with a confident, commanding new take with Oud Wood Intense. If you're expecting the same old song but with a different tune, you'll be pleasantly, outrageously surprised ?it's no flanker here. Indeed, with the higher extrait concentration, the amped-up rugged texture is entirely its own doing, with a fresh new set of notes.Don't undermine that word Intense ?the supercharged fragrance opens with a zingy, hydrating burst of aromatics and spices with the addition of piquant cypress, juniper, and angelica root. They combine for an almost citrus-like sweet fresh energy, but always with a slightly bitter, verdant edge. Then, at the heart of Oud Wood Intense, we reach the growling, meaty heart. Layers of ginger add spice while Tom Ford's signature smooth oud sings, but don't be fooled ?this is the most prominently smoky, textured oud of his yet. The castoreum contributes a wonderfully animalic dimension that adds heft and presence akin to Tuscan Leather, but even surpassing it in dark, saturated presence. One of the most exciting additions to the Tom Ford Private Blend line, Oud Wood Intense is a bold statement to add polish to any night out on the town.","Angelica root, ginger, cypress, juniper, oud, castoreum  Close Oud Wood Intense by TOM FORD Private Blend Ingredients  may change or vary from time to time.  Please  you receive for the most up to date list of ingredients.",https://static.luckyscent.com/images/products/63561.jpg?width=400&404=product.png,0.122,0.3659,0.3659,0.0732,0.0732,unknown,,,,0.25,0.75,tom ford private blend|oud wood intense eau de parfum|unknown,,"oud wood intense eau de parfum tom ford private blend  angelica root, ginger, cypress, juniper, oud, castoreum click here for ingredients 횞close oud wood intense by tom ford private blend ingredients please be aware that ingredient lists may change or vary from time to time.  please refer to the ingredient list on the product package you receive for the most up to date list of ingredients. ",Polluted Text/Encoding: Matched pattern: [횞챕챦밎밶뱓뵝챦챵]; Matched pattern: Click Here For Ingredients; Matched pattern: Please be aware that ingredient lists; Matched pattern: refer to the ingredient list on the product package; Matched pattern: Ingredients Please
Sole di Positano Eau de Parfum,TOM FORD Private Blend," There is nothing like the thrill of a good citrus to refresh on a hot summer's day, and this is a superb rendition. Although done very much in the style of Neroli Portofino with its bitter, sun-drenched citrus notes, Sole di Positano offers a more Spring-like variation by adding wet, fresh green notes like lily of the valley and shiso leaf, and a graceful oakmoss drydown that smells like cool shade and oaked wine. But still, this is the Amalfi coast, and the citrus notes reign supreme. The bitter green and yellow fizz of bergamot, bitter orange, lemons, and shiso act like a cold shower on a hot day, drenching the wearer in icy freshness from head to toe. Pull your nose back from the skin, and it is the cool, soapy neroli and orange blossom that lingers most in the air, providing for a clever dual effect of bitter citrus up close and crisp white floral from afar. Arched over a sturdy, mossy base and밼ixed뵝 in place by the florals and herbs, this effect goes on forever. An elegant solution to the usually fleeting pleasure of the eau de cologne!","Calabrian bergamot, bitter orange, mandarin, lemon, shiso leaf, orange blossom, ylang-ylang, jasmine, lily of the valley, neroli, moss  Close Sole di Positano by TOM FORD Private Blend Ingredients  may change or vary from time to time.  Please  you receive for the most up to date list of ingredients.",https://static.luckyscent.com/images/products/63558.jpg?width=400&404=product.png,0.1481,0.5407,0.0,0.2667,0.0444,unknown,,,,1.0,0.0,tom ford private blend|sole di positano eau de parfum|unknown,,"sole di positano eau de parfum tom ford private blend  calabrian bergamot, bitter orange, mandarin, lemon, shiso leaf, orange blossom, ylang-ylang, jasmine, lily of the valley, neroli, moss click here for ingredients 횞close sole di positano by tom ford private blend ingredients please be aware that ingredient lists may change or vary from time to time.  please refer to the ingredient list on the product package you receive for the most up to date list of ingredients. ",Polluted Text/Encoding: Matched pattern: [횞챕챦밎밶뱓뵝챦챵]; Matched pattern: Click Here For Ingredients; Matched pattern: Please be aware that ingredient lists; Matched pattern: refer to the ingredient list on the product package; Matched pattern: Ingredients Please
Oud Wood Body Spray Scented Body Spray,TOM FORD Private Blend," Now, enjoy Tom Ford's most iconic fragrances in an invigorating body spray, delicately scented and perfect for everyday wear. Oud Wood contains a powerful blend of cool spices and smoky woods, softened with a hint of vanilla and tonka bean. The daunting, medicinal and overly animalic facets of oud are toned down, translating the precious agarwood into a darkly elegant element of the perfumer's palette rather than a full-on French-Arabian extravaganza.","Oud, Chinese pepper, pink pepper, cardamom, birch tar, cistus, incense, sandalwood, vetiver, patchouli, cedarwood Atlas, vanilla, tonka bean  Close Oud Wood Body Spray by TOM FORD Private Blend Ingredients  may change or vary from time to time.  Please  you receive for the most up to date list of ingredients.",https://static.luckyscent.com/images/products/63556.jpg?width=400&404=product.png,0.209,0.2836,0.4328,0.0746,0.0,unknown,,,,0.2,0.8,tom ford private blend|oud wood body spray scented body spray|unknown,,"oud wood body spray scented body spray tom ford private blend  oud, chinese pepper, pink pepper, cardamom, birch tar, cistus, incense, sandalwood, vetiver, patchouli, cedarwood atlas, vanilla, tonka bean click here for ingredients 횞close oud wood body spray by tom ford private blend ingredients please be aware that ingredient lists may change or vary from time to time.  please refer to the ingredient list on the product package you receive for the most up to date list of ingredients. ",Polluted Text/Encoding: Matched pattern: [횞챕챦밎밶뱓뵝챦챵]; Matched pattern: Click Here For Ingredients; Matched pattern: Please be aware that ingredient lists; Matched pattern: refer to the ingredient list on the product package; Matched pattern: Ingredients Please
Soleil Blanc Eau de Parfum,TOM FORD Private Blend," What do your most luxurious beachside memories smell like? With Soleil Blanc, the newest scent from Tom Ford's Private Blend collection, the pure, indulgent pleasure of sunbathing on a pristine white sand beach is captured in a fragrance that effortlessly evokes the comforting coconut tones of suntan lotion and the floral-tinged warmth of beachfront breezes, all while adding Tom Ford's trademark touch of opulence. As the creaminess of the coconut begins to fade with the setting sun, a glow of floral amber intensifies, inviting us to savor the natural beauty of the golden hour at the edge of the world. As nostalgic as it is luxurious, Soleil Blanc is a day at the beach as only Tom Ford can do it.","Amber, coconut, beachy floral notes  Close Soleil Blanc by TOM FORD Private Blend Ingredients  may change or vary from time to time.  Please  you receive for the most up to date list of ingredients.",https://static.luckyscent.com/images/products/63543.jpg?width=400&404=product.png,0.0,0.4118,0.5882,0.0,0.0,unknown,,,,1.0,0.0,tom ford private blend|soleil blanc eau de parfum|unknown,,"soleil blanc eau de parfum tom ford private blend  amber, coconut, beachy floral notes click here for ingredients 횞close soleil blanc by tom ford private blend ingredients please be aware that ingredient lists may change or vary from time to time.  please refer to the ingredient list on the product package you receive for the most up to date list of ingredients. ",Polluted Text/Encoding: Matched pattern: [횞챕챦밎밶뱓뵝챦챵]; Matched pattern: Click Here For Ingredients; Matched pattern: Please be aware that ingredient lists; Matched pattern: refer to the ingredient list on the product package; Matched pattern: Ingredients Please
Fleur de Portofino Eau de Parfum,TOM FORD Private Blend," Vibrant, carefree, and captivating, Fleur de Portofino is like an afternoon dozing in the shade of a white acacia tree set atop a sunkissed Mediterranean coastline. From the intense fruity freshness of the bergamot opening, to the rich floral heart of osmanthus and acacia and into the sumptuous, honey soaked drydown, Fleur de Portofino is as comfortably luscious as soft grass and ocean breezes. This is sensuality done right, relaxed and confident and deeply fulfilling. A coastal escape, whenever you need it.","Calabrian bergamot, Sicilian lemon, tangerine, bitter orange leaf, syringa, white acacia, magnolia, orange blossom, Moroccan rose, jasmine, acacia honey, cistus absolute, vanilla absolute, tolu, civet, ambrette seed  Close Fleur de Portofino by TOM FORD Private Blend Ingredients  may change or vary from time to time.  Please  you receive for the most up to date list of ingredients.",https://static.luckyscent.com/images/products/63540.jpg?width=400&404=product.png,0.0877,0.5439,0.1754,0.0526,0.1404,unknown,,,,1.0,0.0,tom ford private blend|fleur de portofino eau de parfum|unknown,,"fleur de portofino eau de parfum tom ford private blend  calabrian bergamot, sicilian lemon, tangerine, bitter orange leaf, syringa, white acacia, magnolia, orange blossom, moroccan rose, jasmine, acacia honey, cistus absolute, vanilla absolute, tolu, civet, ambrette seed click here for ingredients 횞close fleur de portofino by tom ford private blend ingredients please be aware that ingredient lists may change or vary from time to time.  please refer to the ingredient list on the product package you receive for the most up to date list of ingredients. ",Polluted Text/Encoding: Matched pattern: [횞챕챦밎밶뱓뵝챦챵]; Matched pattern: Click Here For Ingredients; Matched pattern: Please be aware that ingredient lists; Matched pattern: refer to the ingredient list on the product package; Matched pattern: Ingredients Please
Patchouli Absolu Eau de Parfum,TOM FORD Private Blend," Patchouli Absolu is Tom Ford's personal ode to an ingredient that is intertwined with his own story. The iconic olfactive note of the 1970s, it evokes louche sensuality and after-dark glamour, as well as the heady blending of masculine and feminine that defined the era. This Eastern oil perfumed the skin of late seventies' glitterati and bohemians alike, pervading the air of jet-set parties with a provocative, dark glamour. Patchouli fragranced the world that was to shape Tom Ford's singular vision of style.Today, Tom Ford reinvents this influential ingredient into a truly vanguard scent for a new era. Patchouli Absolu merges three opulent뵒and distinctly different뵒versions of this iconic plant ingredient. Patchouli oil contributes raw and primal texture; patchouli coeur, the ultra-luxurious, absolute extract of the plant, contributes an elusive and refined earthiness, and a breakthrough iteration of patchouli called Clearwood, used for the very first time in perfumery, is the most exquisite and pure rendition of patchouli's darkly addictive signature ever captured. The merging of these three facets creates the uniquely unconventional heart of the fragrance. They create a prism effect, reflecting off each other to intensify the depth and intrigue that is inherent to patchouli. Patchouli Absolu has a hypnotic signature that pulses with dark mystery.Patchouli Absolu opens with wave upon wave of refined patchouli that coats your skin like dark brown velvet glittering with gold. Spicy sweetness fuses with multi-faceted woods and smokiness to create a lush, deeply sensual mix with enormous warmth. Tom Ford goes beyond the dusty earthiness and blackened camphor of many traditional patchouli fragrances, opting instead for subtle hints of green mosses and a wisp of fresh herbs, all wrapped up with dark woods and golden amber. In the drydown, the spicy, smoky woods turn creamy and soft with a touch of leather that feels like suede. The end result is not only plush, bold, and elegant from start to finish, but a far cry from the dirty, raw scent of the patchouli oils from the 1970s. In short, this is a patchouli fragrance for the 21st century, darkly sensual, luxurious, and sophisticated.","Bay leaf, rosemary, moss, patchouli oil, patchouli coeur, patchouli Clearwood, guaic wood, cypriol, violetwood, cashmere woods, tonka bean, amber, musks, leather  Close Patchouli Absolu by TOM FORD Private Blend Ingredients  may change or vary from time to time.  Please  you receive for the most up to date list of ingredients.",https://static.luckyscent.com/images/products/63536.jpg?width=400&404=product.png,0.2143,0.2,0.5,0.0429,0.0429,unknown,,,,0.4,0.6,tom ford private blend|patchouli absolu eau de parfum|unknown,,"patchouli absolu eau de parfum tom ford private blend  bay leaf, rosemary, moss, patchouli oil, patchouli coeur, patchouli clearwood, guaic wood, cypriol, violetwood, cashmere woods, tonka bean, amber, musks, leather click here for ingredients 횞close patchouli absolu by tom ford private blend ingredients please be aware that ingredient lists may change or vary from time to time.  please refer to the ingredient list on the product package you receive for the most up to date list of ingredients. ",Polluted Text/Encoding: Matched pattern: [횞챕챦밎밶뱓뵝챦챵]; Matched pattern: Click Here For Ingredients; Matched pattern: Please be aware that ingredient lists; Matched pattern: refer to the ingredient list on the product package; Matched pattern: Ingredients Please
Tobacco Oud Eau de Parfum,TOM FORD Private Blend," It was Tom Ford who pioneered the oud note in contemporary Western perfumery way back in 2002 during his tenure as the artistic director of Yves Saint Laurent, with the groundbreaking M7. In 2007, he was still one of the few to showcase it in his own Private Blends with Oud Wood.Along with the latter and Oud Fleur, Tobacco Oud is part of the brand-new밢ud Collection뵝.  And in case you were wondering, any resemblance with Tobacco Vanille ?a firm favorite in the Private Blends ?is most emphatically not coincidental, since Tobacco Oud was composed by the very same perfumer, Olivier Gillotin. Here, the vanilla is ousted by ?obviously ?oud. The tobacco accord is less of a mellow pipe tobacco though it retains the delectable almondy inflection of tonka. Instead, it was inspired by밺okha뵝, a traditional밷lend of herbs, flowers and spice-laden tobacco뵝. And a heady blend it is, matching the fragrant smokes of oud resin and aromatic tobacco, with none of the side effects...If you've been hankering for a darker, sultrier, woodier version of Tobacco Vanille, or like to tame your oud with a touch of sweetness, a whiff of this might turn your head: it's one of Mr. Ford's most addictive offerings to date.","Oud, tobacco dust absolute, coriander, cistus, labdanum, cedarwood, patchouli, sandalwood, roasted organic tonka bean, castoreum  Close Tobacco Oud by TOM FORD Private Blend Ingredients  may change or vary from time to time.  Please  you receive for the most up to date list of ingredients.",https://static.luckyscent.com/images/products/63527.jpg?width=400&404=product.png,0.2642,0.0,0.7358,0.0,0.0,unknown,,,,0.5,0.5,tom ford private blend|tobacco oud eau de parfum|unknown,,"tobacco oud eau de parfum tom ford private blend  oud, tobacco dust absolute, coriander, cistus, labdanum, cedarwood, patchouli, sandalwood, roasted organic tonka bean, castoreum click here for ingredients 횞close tobacco oud by tom ford private blend ingredients please be aware that ingredient lists may change or vary from time to time.  please refer to the ingredient list on the product package you receive for the most up to date list of ingredients. ",Polluted Text/Encoding: Matched pattern: [횞챕챦밎밶뱓뵝챦챵]; Matched pattern: Click Here For Ingredients; Matched pattern: Please be aware that ingredient lists; Matched pattern: refer to the ingredient list on the product package; Matched pattern: Ingredients Please
Oud Wood Eau de Parfum,TOM FORD Private Blend," It was Tom Ford who pioneered the oud note in contemporary Western perfumery way back in 2002 during his tenure as the artistic director of Yves Saint Laurent, with the groundbreaking M7. In 2007, he was still one of the few to showcase it in his own Private Blends. Today, not only has Oud Wood become one of the brand's classics, but it has spawned the brand-new밢ud Collection뵝, built around the original's core accord of oud, sandalwood and patchouli.Oud Wood's packaging may have changed, but fear not: you'll find the same powerful blend of cool spices and smoky woods, softened with a hint of vanilla and tonka bean. The daunting, medicinal and overly animalic facets of oud are toned down, translating the precious agarwood into a darkly elegant element of the perfumer's palette rather than a full-on French-Arabian extravaganza. As chic, urbane and sharply-cut as Mr. Ford's James Bond suits in Skyfall. And just as much of a sexy beast as Daniel Craig.","Oud, Chinese pepper, pink pepper, cardamom, birch tar, cistus, incense, sandalwood, vetiver, patchouli, cedarwood Atlas, vanilla, tonka bean  Close Oud Wood by TOM FORD Private Blend Ingredients  may change or vary from time to time.  Please  you receive for the most up to date list of ingredients.",https://static.luckyscent.com/images/products/63522.jpg?width=400&404=product.png,0.209,0.2836,0.4328,0.0746,0.0,unknown,,,,0.2,0.8,tom ford private blend|oud wood eau de parfum|unknown,,"oud wood eau de parfum tom ford private blend  oud, chinese pepper, pink pepper, cardamom, birch tar, cistus, incense, sandalwood, vetiver, patchouli, cedarwood atlas, vanilla, tonka bean click here for ingredients 횞close oud wood by tom ford private blend ingredients please be aware that ingredient lists may change or vary from time to time.  please refer to the ingredient list on the product package you receive for the most up to date list of ingredients. ",Polluted Text/Encoding: Matched pattern: [횞챕챦밎밶뱓뵝챦챵]; Matched pattern: Click Here For Ingredients; Matched pattern: Please be aware that ingredient lists; Matched pattern: refer to the ingredient list on the product package; Matched pattern: Ingredients Please
Tuscan Leather Eau de Parfum,TOM FORD Private Blend," In Tom Ford's Tuscan Leather, a smoky, bitter birch-tar leather accord combines with thyme, raspberry, and saffron to create a scent paradox: A perfume that's both clean and sultry, bone-dry and sweet. Although it remains a true leather scent through and through, Tuscan Leather shows its refined, softer side, by letting an herbal, fruity and sheer floral sweetness (night blooming jasmine) break its toughness like a leather jacket that gets softer and more supple with wear. A true unisex fragrance perfect for both day and nighttime.","Leather, olibanum, night blooming jasmine, and black suede  Close Tuscan Leather by TOM FORD Private Blend Ingredients  may change or vary from time to time.  Please  you receive for the most up to date list of ingredients.",https://static.luckyscent.com/images/products/63512.jpg?width=400&404=product.png,0.125,0.5,0.25,0.125,0.0,unknown,,,,0.8,0.2,tom ford private blend|tuscan leather eau de parfum|unknown,,"tuscan leather eau de parfum tom ford private blend  leather, olibanum, night blooming jasmine, and black suede click here for ingredients 횞close tuscan leather by tom ford private blend ingredients please be aware that ingredient lists may change or vary from time to time.  please refer to the ingredient list on the product package you receive for the most up to date list of ingredients. ",Polluted Text/Encoding: Matched pattern: [횞챕챦밎밶뱓뵝챦챵]; Matched pattern: Click Here For Ingredients; Matched pattern: Please be aware that ingredient lists; Matched pattern: refer to the ingredient list on the product package; Matched pattern: Ingredients Please
Tobacco Vanille Eau de Parfum,TOM FORD Private Blend," In the sumptuous and comforting Tobacco Vanilla, one of Tom Ford's Private Blends, a gourmand, marzipan-like fruit chewiness greets you at the gate 뵒 the combination of the scent's multi-faceted cinnamon-vanilla-like tonka note combined with vanilla, cocoa, and dried fruit. But as they hit you, they're joined by mellow, even aged tobacco notes that add a dry elegance and club room gravitas to its subtle sweetness. Just as soon as you almost feel like you can sink your teeth into it, it sinks its teeth into you, and you're a goner. Tobacco Vanilla is some heady stuff. Perfect for the gourmand perfume lover who wants a bit of an edge.","tobacco, tonka bean, vanilla, cocoa, dry fruit accord and sweet wood sap  Close Tobacco Vanille by TOM FORD Private Blend Ingredients  may change or vary from time to time.  Please  you receive for the most up to date list of ingredients.",https://static.luckyscent.com/images/products/63511.jpg?width=400&404=product.png,0.0,0.1667,0.8333,0.0,0.0,unknown,,,,0.6,0.4,tom ford private blend|tobacco vanille eau de parfum|unknown,,"tobacco vanille eau de parfum tom ford private blend  tobacco, tonka bean, vanilla, cocoa, dry fruit accord and sweet wood sap click here for ingredients 횞close tobacco vanille by tom ford private blend ingredients please be aware that ingredient lists may change or vary from time to time.  please refer to the ingredient list on the product package you receive for the most up to date list of ingredients. ",Polluted Text/Encoding: Matched pattern: [횞챕챦밎밶뱓뵝챦챵]; Matched pattern: Click Here For Ingredients; Matched pattern: Please be aware that ingredient lists; Matched pattern: refer to the ingredient list on the product package; Matched pattern: Ingredients Please
Santal Blush Eau de Parfum,TOM FORD Private Blend," Don't let the밷lush뵝 in Tom Ford's Santal Blush perfume fool you into thinking this is a shy or retreating scent. It's more of an exploration of the multi-dimensionality of the buttery-beautiful sandalwood note.Like looking at a cross-section of cut wood with its repeating but differentiated rings, sniffing Tom Ford's Santal Blush provides an olfactory version of similar-but-different reverberating facets of sandalwood. It opens with a creamy, almost coconut-y and even fig-fruit richness. Bold Indian spices of cumin and cinnamon give Santal Blush a temporary hot-and-heavy feral energy. As carrot seeds and fenugreek add a vegetal, waxy depth, chic, sandalwood calls in its reinforcements: cedar and oud, softened by musk. Soft, spicy, creamy, and sexy, Santal Blush is more forward than its name.","Indian spices, cumin, cinnamon, carrot seeds, fenugreek, jasmine, ylang-ylang, rose, Australian sandalwood, cedar, benzoin, musk  Close Santal Blush by TOM FORD Private Blend Ingredients  may change or vary from time to time.  Please  you receive for the most up to date list of ingredients.",https://static.luckyscent.com/images/products/63510.jpg?width=400&404=product.png,0.1782,0.3465,0.4752,0.0,0.0,unknown,,,,0.5,0.5,tom ford private blend|santal blush eau de parfum|unknown,,"santal blush eau de parfum tom ford private blend  indian spices, cumin, cinnamon, carrot seeds, fenugreek, jasmine, ylang-ylang, rose, australian sandalwood, cedar, benzoin, musk click here for ingredients 횞close santal blush by tom ford private blend ingredients please be aware that ingredient lists may change or vary from time to time.  please refer to the ingredient list on the product package you receive for the most up to date list of ingredients. ",Polluted Text/Encoding: Matched pattern: [횞챕챦밎밶뱓뵝챦챵]; Matched pattern: Click Here For Ingredients; Matched pattern: Please be aware that ingredient lists; Matched pattern: refer to the ingredient list on the product package; Matched pattern: Ingredients Please
Noir de Noir Eau de Parfum,TOM FORD Private Blend," Certain scents smell like the (olfactory) lights are out, and you're walking into a room trying to see what's inside it. In Tom Ford's dark rose scent Noir de Noir, as the name suggests, black is indeed the name of the game. But once you adjust your eyes, the rose and its handmaidens glimmer like rich jewels glowing in the dark. This inky, goth, midnight rose is cloaked with mantles of oud, amber, and camphory patchouli. Saffron and truffle notes create a soft veil around this darkness, with a hint of vanilla, and tree moss adds a little more texture in the base. Noir de Noir is for the night owls of the perfume world.","Saffron, truffle, rose, patchouli, tree moss, oud, vanilla  Close Noir de Noir by TOM FORD Private Blend Ingredients  may change or vary from time to time.  Please  you receive for the most up to date list of ingredients.",https://static.luckyscent.com/images/products/63509.jpg?width=400&404=product.png,0.1754,0.1228,0.7018,0.0,0.0,unknown,,,,1.0,0.0,tom ford private blend|noir de noir eau de parfum|unknown,,"noir de noir eau de parfum tom ford private blend  saffron, truffle, rose, patchouli, tree moss, oud, vanilla click here for ingredients 횞close noir de noir by tom ford private blend ingredients please be aware that ingredient lists may change or vary from time to time.  please refer to the ingredient list on the product package you receive for the most up to date list of ingredients. ",Polluted Text/Encoding: Matched pattern: [횞챕챦밎밶뱓뵝챦챵]; Matched pattern: Click Here For Ingredients; Matched pattern: Please be aware that ingredient lists; Matched pattern: refer to the ingredient list on the product package; Matched pattern: Ingredients Please
Rose Prick Eau de Parfum,TOM FORD Private Blend," Flesh. Petals. Thorns.Inspired by Tom Ford's private rose garden, Rose Prick is a wild bouquet of beautiful breeds of rose뻉ose de Mai, Turkish and Bulgarian. Sharp and pristine, the piercing prickles of the stems hook onto each other, bonding their blooms in pink perfection. A rose by any other name wouldn't be Tom Ford. What We Think Gently candied with a tingling spice, this delectable rose scent has both a provocative and youthful edge.","Bulgarian rose, turmeric extract, Indonesian patchouli, sichuan pepper, roasted tonka, tolu balsam  Close Rose Prick by TOM FORD Private Blend Ingredients  may change or vary from time to time.  Please  you receive for the most up to date list of ingredients.",https://static.luckyscent.com/images/products/635085.jpg?width=400&404=product.png,0.0,0.4595,0.5405,0.0,0.0,unknown,,,,0.5,0.5,tom ford private blend|rose prick eau de parfum|unknown,,"rose prick eau de parfum tom ford private blend  bulgarian rose, turmeric extract, indonesian patchouli, sichuan pepper, roasted tonka, tolu balsam click here for ingredients 횞close rose prick by tom ford private blend ingredients please be aware that ingredient lists may change or vary from time to time.  please refer to the ingredient list on the product package you receive for the most up to date list of ingredients. ",Polluted Text/Encoding: Matched pattern: [횞챕챦밎밶뱓뵝챦챵]; Matched pattern: Click Here For Ingredients; Matched pattern: Please be aware that ingredient lists; Matched pattern: refer to the ingredient list on the product package; Matched pattern: Ingredients Please
Soleil Neige Eau de Parfum,TOM FORD Private Blend," Crystalline. Cool. Escapist.The remote holiday of Tom Ford Soleil traverses from Courchevel to Megeve, inspiring Soleil Neige. The new Private Blend, alive with radiance and light-reflective ethereality, mimics the serene shimmer of sun on snow. The bright opening of bergamot and carrot seed mirrors the winter light, the cool reflection of the sun transforming everything in sight to a blanket of glacial white. The floral heart looks to the iridescent sky, blooming with pale petal shades of ivory and rose. The fresh green petals of jasmine grandiflorum, additive orange flower, and the transparent white floralcy of Karamalor Captive blends white blooms with the rich warmth of Turkish rose. The drydown melts onto skin with the wood and honey undertones of cistus labdanum, and skin-gripping musk as the resinous dimension of benzoin and creamy vanilla finish with sun-kissed warmth.","Bergamot, carrot seed, rose, jasmine, orange blossom, white flowers, rose, labdanum, benzoin, vanilla  Close Soleil Neige by TOM FORD Private Blend Ingredients  may change or vary from time to time.  Please  you receive for the most up to date list of ingredients.",https://static.luckyscent.com/images/products/635084.jpg?width=400&404=product.png,0.0649,0.2727,0.4545,0.1688,0.039,unknown,,,,0.67,0.33,tom ford private blend|soleil neige eau de parfum|unknown,,"soleil neige eau de parfum tom ford private blend  bergamot, carrot seed, rose, jasmine, orange blossom, white flowers, rose, labdanum, benzoin, vanilla click here for ingredients 횞close soleil neige by tom ford private blend ingredients please be aware that ingredient lists may change or vary from time to time.  please refer to the ingredient list on the product package you receive for the most up to date list of ingredients. ",Polluted Text/Encoding: Matched pattern: [횞챕챦밎밶뱓뵝챦챵]; Matched pattern: Click Here For Ingredients; Matched pattern: Please be aware that ingredient lists; Matched pattern: refer to the ingredient list on the product package; Matched pattern: Ingredients Please
Fucking Fabulous Travel Atomizer Eau de Parfum,TOM FORD Private Blend," All the herbaceous gourmand goodness of Tom Ford's controversial hit fragrance, in a sleek and convenient cased glass atomizer with magnetic closure.","Lavender, clary sage, bitter almond, tonka bean, orris root, leather, cashmeran, amber, white woods  Close Fucking Fabulous Travel Atomizer by TOM FORD Private Blend Ingredients  may change or vary from time to time.  Please  you receive for the most up to date list of ingredients.",https://static.luckyscent.com/images/products/635083.jpg?width=400&404=product.png,0.0,0.0,1.0,0.0,0.0,unknown,,,,0.0,1.0,tom ford private blend|fucking fabulous travel atomizer eau de parfum|unknown,,"fucking fabulous travel atomizer eau de parfum tom ford private blend  lavender, clary sage, bitter almond, tonka bean, orris root, leather, cashmeran, amber, white woods click here for ingredients 횞close fucking fabulous travel atomizer by tom ford private blend ingredients please be aware that ingredient lists may change or vary from time to time.  please refer to the ingredient list on the product package you receive for the most up to date list of ingredients. ",Polluted Text/Encoding: Matched pattern: [횞챕챦밎밶뱓뵝챦챵]; Matched pattern: Click Here For Ingredients; Matched pattern: Please be aware that ingredient lists; Matched pattern: refer to the ingredient list on the product package; Matched pattern: Ingredients Please
Noir de Noir Travel Atomizer,TOM FORD Private Blend," The ravishingly sensual midnight rose of Noir de Noir, now available in a stylish and convenient travel spray with magnetic closure.","Saffron, truffle, rose, patchouli, tree moss, oud, vanilla  Close Noir de Noir Travel Atomizer by TOM FORD Private Blend Ingredients  may change or vary from time to time.  Please  you receive for the most up to date list of ingredients.",https://static.luckyscent.com/images/products/635082.jpg?width=400&404=product.png,0.2128,0.1489,0.6383,0.0,0.0,unknown,,,,1.0,0.0,tom ford private blend|noir de noir travel atomizer|unknown,,"noir de noir travel atomizer tom ford private blend  saffron, truffle, rose, patchouli, tree moss, oud, vanilla click here for ingredients 횞close noir de noir travel atomizer by tom ford private blend ingredients please be aware that ingredient lists may change or vary from time to time.  please refer to the ingredient list on the product package you receive for the most up to date list of ingredients. ",Polluted Text/Encoding: Matched pattern: [횞챕챦밎밶뱓뵝챦챵]; Matched pattern: Click Here For Ingredients; Matched pattern: Please be aware that ingredient lists; Matched pattern: refer to the ingredient list on the product package; Matched pattern: Ingredients Please
Tuscan Leather Travel Atomizer,TOM FORD Private Blend," Tom Ford's beloved and ultra sexy olfactory ode to fine leatherwork, now available in a deluxe travel-appropriate atomizer spray with a magnetic closure.","Leather, olibanum, night blooming jasmine, black suede  Close Tuscan Leather Travel Atomizer by TOM FORD Private Blend Ingredients  may change or vary from time to time.  Please  you receive for the most up to date list of ingredients.",https://static.luckyscent.com/images/products/635081.jpg?width=400&404=product.png,0.0,0.4444,0.5556,0.0,0.0,unknown,,,,0.5,0.5,tom ford private blend|tuscan leather travel atomizer|unknown,,"tuscan leather travel atomizer tom ford private blend  leather, olibanum, night blooming jasmine, black suede click here for ingredients 횞close tuscan leather travel atomizer by tom ford private blend ingredients please be aware that ingredient lists may change or vary from time to time.  please refer to the ingredient list on the product package you receive for the most up to date list of ingredients. ",Polluted Text/Encoding: Matched pattern: [횞챕챦밎밶뱓뵝챦챵]; Matched pattern: Click Here For Ingredients; Matched pattern: Please be aware that ingredient lists; Matched pattern: refer to the ingredient list on the product package; Matched pattern: Ingredients Please
Tuscan Leather Intense Eau de Parfum,TOM FORD Private Blend," Dark. Visceral. Intense.Tuscan Leather Intense amplifies the intoxicating primality of Tuscan Leather with raw animal attraction and sexual intensity. Juxtaposed with fresh davana, new atmospheric woods deepen leather's distinct richness. What We Think All the robust, spicy leather of the original, with less sweetness, more smoke, and an intoxicating dash of animalics. In other words, it's the Tuscan Leather you love, turned up to 11.","Saffron, raspberry, thyme, davana, olibanum, woodsy notes, leather, suede, animalic notes, amber  Close Tuscan Leather Intense by TOM FORD Private Blend Ingredients  may change or vary from time to time.  Please  you receive for the most up to date list of ingredients.",https://static.luckyscent.com/images/products/635080.jpg?width=400&404=product.png,0.0,0.3731,0.4478,0.0896,0.0896,unknown,,,,0.25,0.75,tom ford private blend|tuscan leather intense eau de parfum|unknown,,"tuscan leather intense eau de parfum tom ford private blend  saffron, raspberry, thyme, davana, olibanum, woodsy notes, leather, suede, animalic notes, amber click here for ingredients 횞close tuscan leather intense by tom ford private blend ingredients please be aware that ingredient lists may change or vary from time to time.  please refer to the ingredient list on the product package you receive for the most up to date list of ingredients. ",Polluted Text/Encoding: Matched pattern: [횞챕챦밎밶뱓뵝챦챵]; Matched pattern: Click Here For Ingredients; Matched pattern: Please be aware that ingredient lists; Matched pattern: refer to the ingredient list on the product package; Matched pattern: Ingredients Please
Neroli Portofino Eau de Parfum,TOM FORD Private Blend," Like a bespoke white shirt, Neroli Portofino takes the classic, citrus-driven lightness of  the eau de cologne formula and amps up the quality of its ingredients and, as a result, their fit on the skin. It opens with a luscious burst of neroli and layers of citrus notes, including bergamot, lemon and pittosporum, with its heady, jasmine-and-orange blossom-like bouquet. It then accents this bouquet with green and dusky herbs, including rosemary and lavender. This burst of freshness is warmed by an understated woody and amber base. Neroli Portofino doesn't reinvent the eau de cologne wheel, but it does take it for a spin along the winding roads of the Italian Riviera.","bergamot, lemon, mandarin, lavender, myrtle, rosemary, Bitter orange, Egyptian jasmine, neroli, orange blossom water, pittosporum, woody amber accord, ambrette seeds, angelica root  Close Neroli Portofino by TOM FORD Private Blend Ingredients  may change or vary from time to time.  Please  you receive for the most up to date list of ingredients.",https://static.luckyscent.com/images/products/63508.jpg?width=400&404=product.png,0.1488,0.6033,0.1488,0.0496,0.0496,unknown,,,,0.67,0.33,tom ford private blend|neroli portofino eau de parfum|unknown,,"neroli portofino eau de parfum tom ford private blend  bergamot, lemon, mandarin, lavender, myrtle, rosemary, bitter orange, egyptian jasmine, neroli, orange blossom water, pittosporum, woody amber accord, ambrette seeds, angelica root click here for ingredients 횞close neroli portofino by tom ford private blend ingredients please be aware that ingredient lists may change or vary from time to time.  please refer to the ingredient list on the product package you receive for the most up to date list of ingredients. ",Polluted Text/Encoding: Matched pattern: [횞챕챦밎밶뱓뵝챦챵]; Matched pattern: Click Here For Ingredients; Matched pattern: Please be aware that ingredient lists; Matched pattern: refer to the ingredient list on the product package; Matched pattern: Ingredients Please
Lavender Extreme Eau de Parfum,TOM FORD Private Blend," Fresh. Divergent. Stimulating.Tom Ford transcends the traditional limits of scent with Lavender Extreme. Lavender is reworked and refracted like is never has been before to become something irreverently new?a stunning, electric creation to be worn at maximum volume. Lavender is upended, translated from its storied origin in Provence and into a fresh subversion of itself. What We Think The normally relaxing scent of lavender gets a jolt of electricity in this intensely bright, invigoratingly modern fragrance with a sexy, spicy-warm tonka drydown.","Lemon, violet, lavender, geranium, rose, cinnamon, tonka  Close Lavender Extreme by TOM FORD Private Blend Ingredients  may change or vary from time to time.  Please  you receive for the most up to date list of ingredients.",https://static.luckyscent.com/images/products/635079.jpg?width=400&404=product.png,0.0,0.6615,0.1538,0.0923,0.0923,unknown,,,,0.5,0.5,tom ford private blend|lavender extreme eau de parfum|unknown,,"lavender extreme eau de parfum tom ford private blend  lemon, violet, lavender, geranium, rose, cinnamon, tonka click here for ingredients 횞close lavender extreme by tom ford private blend ingredients please be aware that ingredient lists may change or vary from time to time.  please refer to the ingredient list on the product package you receive for the most up to date list of ingredients. ",Polluted Text/Encoding: Matched pattern: [횞챕챦밎밶뱓뵝챦챵]; Matched pattern: Click Here For Ingredients; Matched pattern: Please be aware that ingredient lists; Matched pattern: refer to the ingredient list on the product package; Matched pattern: Ingredients Please
Costa Azzurra Acqua Eau de Toilette,TOM FORD Private Blend," Cool. Salty. Refreshing.Costa Azzurra Acqua merges cool air and refreshing waters as one. the salty waves of wind and sea collide with the warmth of the sun on the body, tempering its pulsating, red-blooded heat.An instant hit of exhilarating sea and air mixes saltiness with the woody macchia of the beach, a wild tangle of cypress, juniper and myrtle.Like shafts of sunlight on wet skin, lemon's citrus breath brightens the crisp earth of pine cones and needles at the scent's core. The liquid amber facets of cistus absolute drip with lentisque reisnoid, capturing the denoument of the Costa Azzurra Acqua experience, when the water that remains pools on the body's languid muscles.","Lemon, juniper berries, myrtle oil, cypress oil, pine needles, labdanum, amber, lentisque  Close Costa Azzurra Acqua by TOM FORD Private Blend Ingredients  may change or vary from time to time.  Please  you receive for the most up to date list of ingredients.",https://static.luckyscent.com/images/products/635078.jpg?width=400&404=product.png,0.2373,0.1695,0.2373,0.1356,0.2203,unknown,,,,0.0,1.0,tom ford private blend|costa azzurra acqua eau de toilette|unknown,,"costa azzurra acqua eau de toilette tom ford private blend  lemon, juniper berries, myrtle oil, cypress oil, pine needles, labdanum, amber, lentisque click here for ingredients 횞close costa azzurra acqua by tom ford private blend ingredients please be aware that ingredient lists may change or vary from time to time.  please refer to the ingredient list on the product package you receive for the most up to date list of ingredients. ",Polluted Text/Encoding: Matched pattern: [횞챕챦밎밶뱓뵝챦챵]; Matched pattern: Click Here For Ingredients; Matched pattern: Please be aware that ingredient lists; Matched pattern: refer to the ingredient list on the product package; Matched pattern: Ingredients Please
Tobacco Vanille Travel Atomizer,TOM FORD Private Blend," Tom Ford's all-time classic men's gourmand, now available in a convenient brown and gold-tone travel atomizer with a magnetic closure.","tobacco, tonka bean, vanilla, cocoa, dry fruit accord and sweet wood sap  Close Tobacco Vanille Travel Atomizer by TOM FORD Private Blend Ingredients  may change or vary from time to time.  Please  you receive for the most up to date list of ingredients.",https://static.luckyscent.com/images/products/635076.jpg?width=400&404=product.png,0.0,0.0,1.0,0.0,0.0,unknown,,,,0.5,0.5,tom ford private blend|tobacco vanille travel atomizer|unknown,,"tobacco vanille travel atomizer tom ford private blend  tobacco, tonka bean, vanilla, cocoa, dry fruit accord and sweet wood sap click here for ingredients 횞close tobacco vanille travel atomizer by tom ford private blend ingredients please be aware that ingredient lists may change or vary from time to time.  please refer to the ingredient list on the product package you receive for the most up to date list of ingredients. ",Polluted Text/Encoding: Matched pattern: [횞챕챦밎밶뱓뵝챦챵]; Matched pattern: Click Here For Ingredients; Matched pattern: Please be aware that ingredient lists; Matched pattern: refer to the ingredient list on the product package; Matched pattern: Ingredients Please
Soleil Blanc Travel Atomizer,TOM FORD Private Blend," With Soleil Blanc, the newest scent from Tom Ford's Private Blend collection, the pure, indulgent pleasure of sunbathing on a pristine white sand beach is captured in a fragrance that effortlessly evokes the comforting coconut tones of suntan lotion and the floral-tinged warmth of beachfront breezes, all while adding Tom Ford's trademark touch of opulence. Now available in a white and gold-tone atomizer with a magnetic closure.","Amber, coconut, beachy floral notes  Close Soleil Blanc Travel Atomizer by TOM FORD Private Blend Ingredients  may change or vary from time to time.  Please  you receive for the most up to date list of ingredients.",https://static.luckyscent.com/images/products/635075.jpg?width=400&404=product.png,0.0,0.4118,0.5882,0.0,0.0,unknown,,,,1.0,0.0,tom ford private blend|soleil blanc travel atomizer|unknown,,"soleil blanc travel atomizer tom ford private blend  amber, coconut, beachy floral notes click here for ingredients 횞close soleil blanc travel atomizer by tom ford private blend ingredients please be aware that ingredient lists may change or vary from time to time.  please refer to the ingredient list on the product package you receive for the most up to date list of ingredients. ",Polluted Text/Encoding: Matched pattern: [횞챕챦밎밶뱓뵝챦챵]; Matched pattern: Click Here For Ingredients; Matched pattern: Please be aware that ingredient lists; Matched pattern: refer to the ingredient list on the product package; Matched pattern: Ingredients Please
Oud Wood Travel Atomizer,TOM FORD Private Blend," Tom Ford's classic oud scent that started it all, now available in a grey and silver-tone atomizer with magnetic closure.","Oud, Chinese pepper, pink pepper, cardamom, birch tar, cistus, incense, sandalwood, vetiver, patchouli, cedarwood Atlas, vanilla, tonka bean  Close Oud Wood Travel Atomizer by TOM FORD Private Blend Ingredients  may change or vary from time to time.  Please  you receive for the most up to date list of ingredients.",https://static.luckyscent.com/images/products/635074.jpg?width=400&404=product.png,0.2456,0.2456,0.5088,0.0,0.0,unknown,,,,0.25,0.75,tom ford private blend|oud wood travel atomizer|unknown,,"oud wood travel atomizer tom ford private blend  oud, chinese pepper, pink pepper, cardamom, birch tar, cistus, incense, sandalwood, vetiver, patchouli, cedarwood atlas, vanilla, tonka bean click here for ingredients 횞close oud wood travel atomizer by tom ford private blend ingredients please be aware that ingredient lists may change or vary from time to time.  please refer to the ingredient list on the product package you receive for the most up to date list of ingredients. ",Polluted Text/Encoding: Matched pattern: [횞챕챦밎밶뱓뵝챦챵]; Matched pattern: Click Here For Ingredients; Matched pattern: Please be aware that ingredient lists; Matched pattern: refer to the ingredient list on the product package; Matched pattern: Ingredients Please
Neroli Portofino Travel Atomizer,TOM FORD Private Blend," Like a bespoke white shirt, Neroli Portofino takes the classic, citrus-driven lightness of the eau de cologne formula and amps up the quality of its ingredients and, as a result, their fit on the skin.Enjoy this beloved fragrance in a unique blue and gold-tone atomizer with a magnetic closure.","bergamot, lemon, mandarin, lavender, myrtle, rosemary, Bitter orange, Egyptian jasmine, neroli, orange blossom water, pittosporum, woody amber accord, ambrette seeds, angelica root  Close Neroli Portofino Travel Atomizer by TOM FORD Private Blend Ingredients  may change or vary from time to time.  Please  you receive for the most up to date list of ingredients.",https://static.luckyscent.com/images/products/635073.jpg?width=400&404=product.png,0.0734,0.6697,0.1651,0.0,0.0917,unknown,,,,0.67,0.33,tom ford private blend|neroli portofino travel atomizer|unknown,,"neroli portofino travel atomizer tom ford private blend  bergamot, lemon, mandarin, lavender, myrtle, rosemary, bitter orange, egyptian jasmine, neroli, orange blossom water, pittosporum, woody amber accord, ambrette seeds, angelica root click here for ingredients 횞close neroli portofino travel atomizer by tom ford private blend ingredients please be aware that ingredient lists may change or vary from time to time.  please refer to the ingredient list on the product package you receive for the most up to date list of ingredients. ",Polluted Text/Encoding: Matched pattern: [횞챕챦밎밶뱓뵝챦챵]; Matched pattern: Click Here For Ingredients; Matched pattern: Please be aware that ingredient lists; Matched pattern: refer to the ingredient list on the product package; Matched pattern: Ingredients Please
Fabulous Body Spray Scented Body Spray,TOM FORD Private Blend," Now, enjoy Tom Ford's most iconic fragrances in an invigorating body spray, delicately scented and perfect for everyday wear. Clary sage and lavender top out the scent, their clean, smoky greenness meshing seamlessly with plush orris butter to form a leather note that's both soft and aromatic. Lashings of bittersweet almond and tonka bean beneath give the scent a velvety, almost oily-resinous sweetness, like white chocolate melted down with coffee grounds. The fragrance moves between bitter and sweet, herbal and creamy, powdery and oily over the course of the wear, keeping the journey totally interesting for us. Rumor has it that Tom Ford took one whiff of this creation and exclaimed,밫his is fucking fabulous!뵝 We're inclined to agree. Set your feelings aside for the name, take it out for a ride, and you may agree as well.","Lavender, clary sage, bitter almond, tonka bean, orris root, leather, cashmeran, amber, white woods  Close Fabulous Body Spray by TOM FORD Private Blend Ingredients  may change or vary from time to time.  Please  you receive for the most up to date list of ingredients.",https://static.luckyscent.com/images/products/635072.jpg?width=400&404=product.png,0.1493,0.0373,0.6642,0.0746,0.0746,unknown,,,,0.5,0.5,tom ford private blend|fabulous body spray scented body spray|unknown,,"fabulous body spray scented body spray tom ford private blend  lavender, clary sage, bitter almond, tonka bean, orris root, leather, cashmeran, amber, white woods click here for ingredients 횞close fabulous body spray by tom ford private blend ingredients please be aware that ingredient lists may change or vary from time to time.  please refer to the ingredient list on the product package you receive for the most up to date list of ingredients. ",Polluted Text/Encoding: Matched pattern: [횞챕챦밎밶뱓뵝챦챵]; Matched pattern: Click Here For Ingredients; Matched pattern: Please be aware that ingredient lists; Matched pattern: refer to the ingredient list on the product package; Matched pattern: Ingredients Please
Fougere Platine Eau de Parfum,TOM FORD Private Blend," Impulsive, debonair, extravagant. Fougere Platine inhabits the exhibitionist and his most brilliant, mischievous, indulgent, and infinitely exhilarating. Opulent doses of refreshing woods magnetize you like the shining gleam of platinum, or a devilish grin replaying the night before. What We Think A green, gently smoky fougere perfect for a guy with modern style but classic leanings.","Bergamot, clary sage, lavender, basil, artemisia, olibanum, Spanish labdanum, honey, cedar, tobacco, woody notes  Close Fougere Platine by TOM FORD Private Blend Ingredients  may change or vary from time to time.  Please  you receive for the most up to date list of ingredients.",https://static.luckyscent.com/images/products/635071.jpg?width=400&404=product.png,0.3689,0.1456,0.3689,0.0583,0.0583,unknown,,,,0.0,1.0,tom ford private blend|fougere platine eau de parfum|unknown,,"fougere platine eau de parfum tom ford private blend  bergamot, clary sage, lavender, basil, artemisia, olibanum, spanish labdanum, honey, cedar, tobacco, woody notes click here for ingredients 횞close fougere platine by tom ford private blend ingredients please be aware that ingredient lists may change or vary from time to time.  please refer to the ingredient list on the product package you receive for the most up to date list of ingredients. ",Polluted Text/Encoding: Matched pattern: [횞챕챦밎밶뱓뵝챦챵]; Matched pattern: Click Here For Ingredients; Matched pattern: Please be aware that ingredient lists; Matched pattern: refer to the ingredient list on the product package; Matched pattern: Ingredients Please
Lost Cherry Eau de Parfum,TOM FORD Private Blend," Lost Cherry is a contrasting scent that reveals a tempting dichotomy of playful, candy-like gleam on the outside and luscious flesh on the inside. Innocence intersects indulgence with an opening the captures the classic perfection of the exotic cherry fruit. Black cherry's ripe flesh dripping in cherry liqueur glistens with a teasing touch of bitter almond. The heart bursts forth in cherry waves of sweet and tart. Griotte syrup expresses the textured maceration of voluptuous fruits while breathtaking florals of Turkish rose and jasmine sambac penetrate the senses and soul. Peru balsam and roasted tonka at the drydown suggest a new portrait of an iconic symbol. When blended with an unexpected m챕lange of sandalwood, vetiver and cedar, the finish reaches fantasy-inspiring levels of insatiability. What We Think A sweet, boozy-rich cherry with a smooth tonka drydown- a grown-up almond gourmand scent with a sexy edge.","black cherry accord, bitter almond, griotte syrup, rose absolute Orpur짰, Peru balsam, roasted tonka  Close Lost Cherry by TOM FORD Private Blend Ingredients  may change or vary from time to time.  Please  you receive for the most up to date list of ingredients.",https://static.luckyscent.com/images/products/635070.jpg?width=400&404=product.png,0.3878,0.2245,0.3878,0.0,0.0,unknown,,,,0.71,0.29,tom ford private blend|lost cherry eau de parfum|unknown,,"lost cherry eau de parfum tom ford private blend  black cherry accord, bitter almond, griotte syrup, rose absolute orpur짰, peru balsam, roasted tonka click here for ingredients 횞close lost cherry by tom ford private blend ingredients please be aware that ingredient lists may change or vary from time to time.  please refer to the ingredient list on the product package you receive for the most up to date list of ingredients. ",Polluted Text/Encoding: Matched pattern: [횞챕챦밎밶뱓뵝챦챵]; Matched pattern: Click Here For Ingredients; Matched pattern: Please be aware that ingredient lists; Matched pattern: refer to the ingredient list on the product package; Matched pattern: Ingredients Please
Jasmin Rouge Eau de Parfum,TOM FORD Private Blend," Jasmine is one of those perfume ingredients that can be played in many keys, depending on the pitch wanted 뵒 high, green and fresh, or low, indolic-dirty, and languid. Tom Ford's Jasmine Rouge/Private Label starts off like a fine glass of champagne, with a bubbly effervescence courtesy of an aldehyde-driven bergamot and mandarine. As it develops with piquante neroli, languid-to-tropical, waxy ylang-ylang, and warming, beguiling spices, Jasmine Rouge seems to explode into variations on jasmine's richness and lightness. Towards the end, balsamic notes of vanilla and amber combine with a subtle woodsy-leather accord to wrap sparkling jasmine in their warm embrace, like a leather jacket on top of delicate, bare shoulders.","Bergamot, mandarine, cardamom, jasmine, cinnamon, ginger, clary, neroli, ylang-ylang, vanilla, leather, amber, wood  Close Jasmin Rouge by TOM FORD Private Blend Ingredients  may change or vary from time to time.  Please  you receive for the most up to date list of ingredients.",https://static.luckyscent.com/images/products/63507.jpg?width=400&404=product.png,0.0685,0.5068,0.274,0.1096,0.0411,unknown,,,,0.5,0.5,tom ford private blend|jasmin rouge eau de parfum|unknown,,"jasmin rouge eau de parfum tom ford private blend  bergamot, mandarine, cardamom, jasmine, cinnamon, ginger, clary, neroli, ylang-ylang, vanilla, leather, amber, wood click here for ingredients 횞close jasmin rouge by tom ford private blend ingredients please be aware that ingredient lists may change or vary from time to time.  please refer to the ingredient list on the product package you receive for the most up to date list of ingredients. ",Polluted Text/Encoding: Matched pattern: [횞챕챦밎밶뱓뵝챦챵]; Matched pattern: Click Here For Ingredients; Matched pattern: Please be aware that ingredient lists; Matched pattern: refer to the ingredient list on the product package; Matched pattern: Ingredients Please
Champaca Absolute Eau de Parfum,TOM FORD Private Blend," Tom Ford's Champaca Absolute seems to glow from within with a m챕lange of warm fruit and floral notes that melt into a balsamic base. The Champaca flower has a soft, gentle, hard-to-place complexity, with notes of wood, spice, and mint. In Champaca Absolute, that note is combined with magnolia (with its delicate apricot facet), jasmine, and a marron gla챌챕 accord (chestnuts candied and glazed in sugar syrup). Champaca combined with the fresh-yet-sensuous magnolia smells not only like flowers that have been kissed by the sun 뵒 their notes, as a result, warmed up and heightened 뵒 but it also has a natural, petals-just-stripped-from-the-flower ripeness, giving a momentary impression of crushed petals releasing a slightly tropical scent.","Tokaji wine, cognac, bergamot, magnolia champaca, orchid, violet, jasmine, vanilla, amber, sandalwood and marron glac  Close Champaca Absolute by TOM FORD Private Blend Ingredients  may change or vary from time to time.  Please  you receive for the most up to date list of ingredients.",https://static.luckyscent.com/images/products/63501.jpg?width=400&404=product.png,0.0734,0.3761,0.3486,0.1468,0.055,unknown,,,,0.67,0.33,tom ford private blend|champaca absolute eau de parfum|unknown,,"champaca absolute eau de parfum tom ford private blend  tokaji wine, cognac, bergamot, magnolia champaca, orchid, violet, jasmine, vanilla, amber, sandalwood and marron glac챕 click here for ingredients 횞close champaca absolute by tom ford private blend ingredients please be aware that ingredient lists may change or vary from time to time.  please refer to the ingredient list on the product package you receive for the most up to date list of ingredients. ",Polluted Text/Encoding: Matched pattern: [횞챕챦밎밶뱓뵝챦챵]; Matched pattern: Click Here For Ingredients; Matched pattern: Please be aware that ingredient lists; Matched pattern: refer to the ingredient list on the product package; Matched pattern: Ingredients Please
Bay Rum Cologne,Gilbert Henry," This cologne is made with the same great essential oil blend as the corresponding Bay Rum aftershave balm, but at a higher concentration.  This is a Bay Rum that lasts.  Not because of sheer strength, but because each essential oil was carefully selected to enhance the characteristics of its key ingredient, essential oil of Bay Rum (pimenta racemosa).  The bay rum is blended with citrus and ylang ylang to bring out a bit of sweetness, a touch of clove for added spice, and a base of exotic sandalwoods for warmth and increased longevity of the fragrance.","Bay rum, citrus, ylang ylang, clove, exotic sandalwoods. Click Here For Directions Close Bay Rum by Gilbert Henry Directions Natural contents will settle.  Shake gently before using.",https://static.luckyscent.com/images/products/62202.jpg?width=400&404=product.png,0.1739,0.4348,0.3913,0.0,0.0,unknown,,,,0.33,0.67,gilbert henry|bay rum cologne|unknown,,"bay rum cologne gilbert henry  bay rum, citrus, ylang ylang, clove, exotic sandalwoods. click here for directions 횞close bay rum by gilbert henry directions natural contents will settle.  shake gently before using. ",Polluted Text/Encoding: Matched pattern: [횞챕챦밎밶뱓뵝챦챵]
Or du Serail Eau de Parfum,Naomi Goodsir," A dreamy meditation on dried fruit and Shisha tobacco. If your mind instantly goes to the cherry tobacco that graced your father's pipe in your youth, you're on the right track, but think more humid, more voluptuous, and more intricate. The fruit is a mix of apple, orange, mango and coconut, drizzled with honey and rum. The rich, golden tobacco is layered with greener, sharper aromatics, like clary sage and mat챕. Throw in amber, vanilla and labdanum and you would assume this would be heavy and velvet-like - but instead it gives the impression of silken veils, each opulent and shimmering with fine embroidery, but sheer and vibrant. The veils float and swirl and each movement creates a different layering, a new set of colors playing against each other. The impression is indeed golden, rather than dark, and playfully seductive. There is a teasing haylike sharpness that freshens the smokiness of the tobacco and the mango and sweet orange give the amber a twist. A luscious vanilla floats through like something delicious being cooked in the next room. Bertrand Duchaufour has concocted a delightful invitation to temptation that hints at decadence in the most graceful way. Charmingly sensuous.","Cistus, apple & red fruit effects, mango, rum, sweet orange, davana, sage, bee wax, honey effect, coco, geranium, ylang-ylang, Turkish tobacco, amber, labdanum, oak tree, cedar wood, musk, vanilla, mat.",https://static.luckyscent.com/images/products/59302.jpg?width=400&404=product.png,0.2459,0.082,0.5738,0.0492,0.0492,unknown,,,,0.5,0.5,naomi goodsir|or du serail eau de parfum|unknown,,"or du serail eau de parfum naomi goodsir  cistus, apple & red fruit effects, mango, rum, sweet orange, davana, sage, bee wax, honey effect, coco, geranium, ylang-ylang, turkish tobacco, amber, labdanum, oak tree, cedar wood, musk, vanilla, mat챕. ",Polluted Text/Encoding: Matched pattern: [횞챕챦밎밶뱓뵝챦챵]
Intelligence & Fantasy Eau de Toilette,The Beautiful Mind Series," Fragrance and memory are intimately bonded, not only because a scent can summon an absent person or a bygone moment, but also because memory ?the recollection of thousands of notes and accords ?is an essential dimension of the perfumer's art.  It is only fitting then that the Grand Master of Memory Christiane Stenger should be the muse of the Geza Schoen for the first installment of The Beautiful Mind series, dedicated to women gifted with exceptional skills.But fans of the Berlin-based perfumer may be in for a shock. Unlike the conceptual, minimalist Escentric Molecules scents he created, The Beautiful Mind is a sensuous, shimmering floral whose heart is the rare and precious absolute of tiar챕, a Tahitian variety of gardenia. Bergamot, mandarin and pink pepper brighten the creaminess of the tropical blossom; magnolia, freesia, osmanthus and hedione adorn it with fresh lemon, violet, apricot and green jasmine facets; musk wraps it in a huge, fluffy-powdery cloud. Cedar, sandalwood and Cashmeran ground it in a luscious, woody-balsamic base.  Geza Schoen calls it밶n ode to summer and its memories뵝; we say that if this is what Ms. Stenger's memories smell like, we'd very much like her to remember us.","magnolia bud, bergamot, mandarin, schinus molle (pink peppercorn), freesia, osmanthus, rose oil, hedione, tiar absolute, cedar, musk, sandalwood and cashmeran",https://static.luckyscent.com/images/products/49600.jpg?width=400&404=product.png,0.1875,0.4583,0.2917,0.0312,0.0312,unknown,,,,0.62,0.38,the beautiful mind series|intelligence and fantasy eau de toilette|unknown,,"intelligence & fantasy eau de toilette the beautiful mind series  magnolia bud, bergamot, mandarin, schinus molle (pink peppercorn), freesia, osmanthus, rose oil, hedione, tiar챕 absolute, cedar, musk, sandalwood and cashmeran ",Polluted Text/Encoding: Matched pattern: [횞챕챦밎밶뱓뵝챦챵]
Santal 33 Perfume Oil,Le Labo," Now captured in a Perfume Oil. Ideal for sensitive skin and people who love the hedonic gesture. A delicate but persistent smell. Small and convenient for traveling or purse. Use it on your pulse points, on your hair, your beard. The oil scent keeps close to the skin for a long lasting effect.Do you remember the old Marlboro ads? A man and his horse in front of the fire on a great plain under tall, blue evening skies - A defining image of the spirit of the American West with all it implied about masculinity and personal freedom. This man, firelight in his face, leaning on the worn leather saddle, alone with the desert wind, an icon so powerful that every man wanted to be him and every woman wanted to have him... From this memory is born SANTAL 33: the ambition to create an olfactive form inspired by the great American myth still a source of fantasy for the rest of the world... A perfume that touches the sensual universality of this icon... that would intoxicate a man as much as a woman... that introduces our use of cardamom, iris, violet, ambrox which crackle in the formula and bring to this smoking wood alloy (Australian sandalwood, papyrus, cedarwood) some spicy, leathery, musky notes, and gives this perfume its unisex signature and addictive comfort. Personalize your fragrance:  Enter your custom message or name at checkout and we'll have Le Labo print it on your label.","Australian sandalwood, cedarwood, cardamom, iris, violet, ambrox and leather accord  Close Santal 33 Perfume Oil by Le Labo Ingredients Safflower oil base",https://static.luckyscent.com/images/products/46830.jpg?width=400&404=product.png,0.2093,0.2791,0.3256,0.0698,0.1163,unknown,,,,0.0,1.0,le labo|santal 33 perfume oil|unknown,,"santal 33 perfume oil le labo  australian sandalwood, cedarwood, cardamom, iris, violet, ambrox and leather accord click here for ingredients 횞close santal 33 perfume oil by le labo ingredients safflower oil base ",Polluted Text/Encoding: Matched pattern: [횞챕챦밎밶뱓뵝챦챵]; Matched pattern: Click Here For Ingredients
Bamboo Harmony Eau de Parfum,By Kilian," BAMBOO HARMONY pays homage to Bamboo, considered by the밠en of Letters뵝 as the symbol of human perfection. It is also the main component of their brush, the central element of calligraphy which, in Chinese culture, is the representation of Art and Beauty.BAMBOO HARMONY is the olfactive impression of a subtle sip of white tea taken in the heart of a bamboo.BAMBOO HARMONY opens with luminous notes of Bergamot, Bigarade and Neroli. The perfume then evolves through a comforting heart combining white tea leaves - known for their sumptuous flavor and lustrous color - and Mimosa, highlighted with a touch of spices. The unique character of the trail is given by rare Mat챕 Essence, interlaced with sensual fig leaves and oak moss.BAMBOO HARMONY is a moment of spirituality.","Bergamot, bigarade, neroli, white tea, mimosa, spices, Mat Essence, fig, oak moss",https://static.luckyscent.com/images/products/42546.jpg?width=400&404=product.png,0.5263,0.4737,0.0,0.0,0.0,unknown,,,,0.0,1.0,by kilian|bamboo harmony eau de parfum|unknown,,"bamboo harmony eau de parfum by kilian  bergamot, bigarade, neroli, white tea, mimosa, spices, mat챕 essence, fig, oak moss ",Polluted Text/Encoding: Matched pattern: [횞챕챦밎밶뱓뵝챦챵]
Jade Eau de Parfum,Olivier Durbano," Olivier Durbano continues his perfume poems set with the unveiling of Jade.혻 Long worshipped as the stone of immortality and a symbol of love and power, jade is also thought to bring inner peace, justice and harmony.혻 Durbano's olfactory rendering of the stone is one of the most beautifully realized green-woody scents we've ever had the pleasure of wearing...a whiff of spiced mint tea opens Jade, while the rich and aromatic notes of vetiver, moss, patchouli and musk create a deliriously deep but surprisingly green fragrance.혻 Jade the ornamental stone might be cold, but Jade the perfume is warm, deep and earthy...a gorgeous salute to the soul of the stone versus its hard exterior.","green tea, star anise, mint, cardamom, iris, jasmine, Chinese cinnamon, amber, patchouli, vetiver, moss, musk, immortale, math",https://static.luckyscent.com/images/products/36905.jpg?width=400&404=product.png,0.3478,0.1884,0.3478,0.1159,0.0,unknown,,,,0.25,0.75,olivier durbano|jade eau de parfum|unknown,,"jade eau de parfum olivier durbano  green tea, star anise, mint, cardamom, iris, jasmine, chinese cinnamon, amber, patchouli, vetiver, moss, musk, immortale, math챕 ",Polluted Text/Encoding: Matched pattern: [횞챕챦밎밶뱓뵝챦챵]
Rose Delight Body Oil Scented Body Oil,Tauer Perfumes," A rich natural rose on a soft gourmand base: Treat yourself with this luxuriously scented body oil. 90% cold pressed pure organic Jojoba oil and 10% fragrant delight. Free of added parabens, phthalates, stabilizers and antioxidants.Jojoba oil is the best natural oil for dry and normal skin: Technically it is a wax, and due to its natural composition any skin absorbs it fast. Jojoba oil will not go bad hence this body oil is free of any preservatives or antioxidants, and -if protected from light- the perfume added to this body oil will last for years.  For external use only.","Rose petals Click Here For Directions Close Rose Delight Body Oil by Tauer Perfumes Directions Apply on skin, rub gently until the oil is absorbed and enjoy the scent of gourmand rose petals.",https://static.luckyscent.com/images/products/31438.jpg?width=400&404=product.png,0.0,0.4118,0.5882,0.0,0.0,unknown,,,,1.0,0.0,tauer perfumes|rose delight body oil scented body oil|unknown,,"rose delight body oil scented body oil tauer perfumes  rose petals click here for directions 횞close rose delight body oil by tauer perfumes directions apply on skin, rub gently until the oil is absorbed and enjoy the scent of gourmand rose petals. ",Polluted Text/Encoding: Matched pattern: [횞챕챦밎밶뱓뵝챦챵]
Amber Flush Body Oil Scented Body Oil,Tauer Perfumes," Warm, rich, and balsamic, treat yourself with this luxuriously scented body oil. 90% cold pressed pure organic Jojoba oil and 10% of a warm rich amber perfume. Free of added parabens, phthalates, stabilizers and antioxidants.Jojoba oil is the best natural oil for dry and normal skin: Technically it is a wax, and due to its natural composition any skin absorbs it fast. Jojoba oil will not go bad hence this body oil is free of any preservatives or antioxidants, and -if protected from light- the perfume added to this body oil will last for years.  For external use only.","Labdanum, vanilla, dry woods, bergamot Click Here For Directions Close Amber Flush Body Oil by Tauer Perfumes Directions Directions: Apply on skin, rub gently until the oil is absorbed and enjoy!",https://static.luckyscent.com/images/products/31437.jpg?width=400&404=product.png,0.0,0.2,0.8,0.0,0.0,unknown,,,,0.5,0.5,tauer perfumes|amber flush body oil scented body oil|unknown,,"amber flush body oil scented body oil tauer perfumes  labdanum, vanilla, dry woods, bergamot click here for directions 횞close amber flush body oil by tauer perfumes directions directions: apply on skin, rub gently until the oil is absorbed and enjoy! ",Polluted Text/Encoding: Matched pattern: [횞챕챦밎밶뱓뵝챦챵]
2 Candle,Comme des Garcons," Rei Kawakubo constructs a perfume with a powerful presence precisely because of its simplicity. Powerful and intense yet pleasing to the senses in a subtle, somewhat naive way. Comme des Garcons 2 candle is presented in a striking browned glass votive and evokes an exotic mix of incense, ink, amber, patchoulli, Chinese cedarwood, cumin, vertiver and fresh magnolia.","Japanese Sumi ink, incense, patchouli, cedarwood, angelica root, vetiver, magnolia, amber, labdanum, new aldehydes, cumin, cade oil, absolute mat, abslolute folia",https://static.luckyscent.com/images/products/23610.jpg?width=400&404=product.png,0.2439,0.0,0.4878,0.1951,0.0732,unknown,,,,0.0,1.0,comme des garcons|2 candle|unknown,,"2 candle comme des garcons  japanese sumi ink, incense, patchouli, cedarwood, angelica root, vetiver, magnolia, amber, labdanum, new aldehydes, cumin, cade oil, absolute mat챕, abslolute folia ",Polluted Text/Encoding: Matched pattern: [횞챕챦밎밶뱓뵝챦챵]
2 Eau de Parfum,Comme des Garcons," Ancient ink in the summer sun, #2 is a study in contrasts. Based on the legendary Sumi ink made in the temples of Japan, this seductive fragrance blends the seared wood notes of Sumi with spiritual scents of incense, patchouli and amber, then takes a turn toward the shiny n' happy with the bright notes of magnolia and ripe, fresh new aldehydes (orange and mandarin). We smell something different every time we wear this-it falls somewhere between a mighty Samurai and a humble priest with a jones for gardening. CdG #2 is presented in a silvered, reflective bottle that made Time Asia's Top 10 designs for 1999.","Japanese Sumi ink, incense, patchouli, cedarwood, angelica root, vetiver, magnolia, amber, labdanum, new aldehydes, cumin, cade oil, absolute mat, abslolute folia",https://static.luckyscent.com/images/products/21602.jpg?width=400&404=product.png,0.1786,0.1786,0.3571,0.1429,0.1429,unknown,,,,0.0,1.0,comme des garcons|2 eau de parfum|unknown,,"2 eau de parfum comme des garcons  japanese sumi ink, incense, patchouli, cedarwood, angelica root, vetiver, magnolia, amber, labdanum, new aldehydes, cumin, cade oil, absolute mat챕, abslolute folia ",Polluted Text/Encoding: Matched pattern: [횞챕챦밎밶뱓뵝챦챵]
